{"cameraMode":{"drawMode":0,"name":"Shaded","section":"Shading Mode"},"sceneLighting":true,"audioPlay":false,"sceneViewState":{"m_AlwaysRefresh":false,"showFog":true,"showSkybox":true,"showFlares":true,"showImageEffects":true,"showParticleSystems":true,"showVisualEffectGraphs":true,"m_FxEnabled":true},"in2DMode":false,"pivot":{"x":3.9728565216064455,"y":3.5809578895568849,"z":2.8857593536376955},"rotation":{"x":-0.1252094805240631,"y":0.4347323477268219,"z":-0.061177320778369907,"w":-0.8897244334220886},"size":12.12435531616211,"orthographic":false}