{"cameraMode":{"drawMode":0,"name":"Shaded","section":"Shading Mode"},"sceneLighting":false,"audioPlay":false,"sceneViewState":{"m_AlwaysRefresh":false,"showFog":true,"showSkybox":true,"showFlares":true,"showImageEffects":true,"showParticleSystems":true,"showVisualEffectGraphs":true,"m_FxEnabled":true},"in2DMode":false,"pivot":{"x":70.38862609863281,"y":1.2099846601486207,"z":-0.42716407775878909},"rotation":{"x":-0.44852733612060549,"y":-0.10892590135335922,"z":0.05517604202032089,"w":-0.8854002952575684},"size":14.461710929870606,"orthographic":false}