{"cameraMode":{"drawMode":0,"name":"Shaded","section":"Shading Mode"},"sceneLighting":false,"audioPlay":false,"sceneViewState":{"m_AlwaysRefresh":false,"showFog":true,"showSkybox":true,"showFlares":true,"showImageEffects":true,"showParticleSystems":true,"showVisualEffectGraphs":true,"m_FxEnabled":true},"in2DMode":false,"pivot":{"x":-2.1419620513916017,"y":1.0812349319458008,"z":1.6359400749206544},"rotation":{"x":0.21830357611179353,"y":0.18889132142066956,"z":-0.043216243386268619,"w":0.9565371870994568},"size":13.841229438781739,"orthographic":false}