{"cameraMode":{"drawMode":0,"name":"Shaded","section":"Shading Mode"},"sceneLighting":false,"audioPlay":false,"sceneViewState":{"m_AlwaysRefresh":false,"showFog":true,"showSkybox":true,"showFlares":true,"showImageEffects":true,"showParticleSystems":true,"showVisualEffectGraphs":true,"m_FxEnabled":true},"in2DMode":false,"pivot":{"x":-8.269848823547364,"y":1.0306098461151124,"z":11.893230438232422},"rotation":{"x":-0.11264673620462418,"y":0.20882834494113923,"z":-0.024388017132878305,"w":-0.9712515473365784},"size":2.5769128799438478,"orthographic":false}